1	1	20	20	USR1NO0Fo7tc1776229879	wxpay	1776229879	0	pending
2	1	20	20	USR1NO1JwYKB1776229912	wxpay	1776229912	0	pending
3	18	50	50	USR18NOidGyoj1776241883	wxpay	1776241883	0	success
4	23	20	20	USR23NO8zCDKb1776243324	wxpay	1776243324	0	success
5	17	20	20	USR17NOCXkkTG1776250773	wxpay	1776250773	0	pending
6	24	1000	1000	USR24NOY4LLGh1776335586	wxpay	1776335586	1776335587	success
7	25	500	500	USR25NOq3asSN1776339322	wxpay	1776339322	1776339322	success
8	26	500	500	USR26NOiTGCFh1776344206	wxpay	1776344206	1776344211	success
9	27	406	406	USR27NOMT9tnq1776346704	wxpay	1776346704	1776346704	success
10	28	20	20	USR28NOa6NNNw1776347229	wxpay	1776347229	0	success
11	29	2700	2700	USR29NODW5bQU1776351268	wxpay	1776351268	0	pending
12	30	1000	1000	USR30NOzUvznv1776360680	wxpay	1776360680	0	pending
13	32	1000	1000	USR32NOz5cqdB1776386096	wxpay	1776386096	0	pending
14	17	20	20	USR17NOyEAVXz1776396041	wxpay	1776396041	0	pending
15	17	20	20	USR17NOcSIoMG1776420393	wxpay	1776420393	0	success
16	43	20	20	USR43NO84Y5d41776438684	wxpay	1776438684	0	pending
17	47	40	40	USR47NOhk8bOP1776480453	wxpay	1776480453	0	pending
18	47	20	20	USR47NOufv3wH1776480520	wxpay	1776480520	0	pending
19	53	100	100	USR53NOtUVHDJ1776582322	wxpay	1776582322	0	success
20	55	500	500	USR55NOYIzQBp1776613897	wxpay	1776613897	0	pending
21	69	20	20	USR69NOx2udv61776759535	wxpay	1776759535	0	pending
22	69	500	500	USR69NOQ3LCIH1776759557	wxpay	1776759557	0	pending
23	72	50	50	USR72NOjsojEj1776784202	wxpay	1776784202	0	pending
